ai_band_q,avg_salary_usd,avg_automation_risk,job_count
Q1 (Lowest),53038.2570754717,0.7447562893081762,1272
Q2,53178.8848973607,0.7512390029325514,1364
Q3,64662.754010695186,0.581301247771836,1122
Q4 (Highest),82873.31078904992,0.24689210950080515,1242
